{
  "project_info": {
    "project_number": "386304950513",
    "firebase_url": "https://lets-eat-9573e-default-rtdb.firebaseio.com",
    "project_id": "lets-eat-9573e",
    "storage_bucket": "lets-eat-9573e.appspot.com"
  },
  "client": [
    {
      "client_info": {
        "mobilesdk_app_id": "1:386304950513:android:20231d56b28d2140fbe950",
        "android_client_info": {
          "package_name": "com.example.letseat"
        }
      },
      "oauth_client": [
        {
          "client_id": "386304950513-4fu9k2g7pdlc4bthrttrh3vnl6unbqcn.apps.googleusercontent.com",
          "client_type": 3
        }
      ],
      "api_key": [
        {
          "current_key": "AIzaSyCB0bJ41LTNB4LkB-6Y_oBq61L-VgSrmIo"
        }
      ],
      "services": {
        "appinvite_service": {
          "other_platform_oauth_client": [
            {
              "client_id": "386304950513-4fu9k2g7pdlc4bthrttrh3vnl6unbqcn.apps.googleusercontent.com",
              "client_type": 3
            }
          ]
        }
      }
    },
    {
      "client_info": {
        "mobilesdk_app_id": "1:386304950513:android:5b98d5de0600f389fbe950",
        "android_client_info": {
          "package_name": "com.example.oncesecond"
        }
      },
      "oauth_client": [
        {
          "client_id": "386304950513-4fu9k2g7pdlc4bthrttrh3vnl6unbqcn.apps.googleusercontent.com",
          "client_type": 3
        }
      ],
      "api_key": [
        {
          "current_key": "AIzaSyCB0bJ41LTNB4LkB-6Y_oBq61L-VgSrmIo"
        }
      ],
      "services": {
        "appinvite_service": {
          "other_platform_oauth_client": [
            {
              "client_id": "386304950513-4fu9k2g7pdlc4bthrttrh3vnl6unbqcn.apps.googleusercontent.com",
              "client_type": 3
            }
          ]
        }
      }
    }
  ],
  "configuration_version": "1"
}